{
  "714158870": {
    "active_spreadsheet_id": "1V0dnLQFltNRCyJiTJbgo2c61mgfi_OYcSRd8uIHAUQY",
    "active_sheet_name": "Ավան-Կառլեն",
    "display_name": "Գեորգի",
    "reports": [
      "cb-a3f03fad",
      "cb-ec8390df",
      "cb-5e052e4d",
      "cb-3b1482fc",
      "cb-50d7994d",
      "cb-06dc8348",
      "cb-593441c8",
      "cb-6ebd769d",
      "cb-17431e0f",
      "cb-96dd046f",
      "cb-9c878d1e",
      "cb-b68080dc",
      "cb-6bd6d6da"
    ],
    "notifications": true,
    "debt_notifications": true
  },
  "1023627246": {
    "active_spreadsheet_id": "1V0dnLQFltNRCyJiTJbgo2c61mgfi_OYcSRd8uIHAUQY",
    "active_sheet_name": "Ավան-Կառլեն",
    "name": "User 1023627246",
    "display_name": "Սամվել",
    "reports": [
      "cb-0a6cca5e",
      "cb-7c0b46dd"
    ]
  },
  "7331677233": {
    "active_spreadsheet_id": "1V0dnLQFltNRCyJiTJbgo2c61mgfi_OYcSRd8uIHAUQY",
    "active_sheet_name": "Ավան-Կառլեն",
    "display_name": null
  },
  "999999999": {
    "active_spreadsheet_id": null,
    "active_sheet_name": null,
    "display_name": null
  }
}